[
  [
    {
      "y": 0.25,
      "x": 1.25,
      "a": 7
    },
    "M0",
    {
      "x": 0.75,
      "a": 6
    },
    "Esc",
    "F1",
    "F2",
    "F3",
    "F4",
    "F5",
    "F6",
    {
      "x": 2.5
    },
    "F7",
    "F8",
    "F9",
    "F10",
    "F11",
    "F12",
    "DEL",
    "Pg_Up"
  ],
  [
    {
      "x": 3,
      "a": 4
    },
    "~\n`",
    "!\n1",
    "@\n2",
    "#\n3",
    "$\n4",
    "%\n5",
    "^\n6",
    {
      "x": 2.5
    },
    "&\n7\n\n\nNm Lk",
    "*\n8\n\n\n=",
    "(\n9\n\n\n=",
    ")\n0\n\n\n*",
    {
      "a": 6
    },
    "-/_",
    "+/=",
    {
      "w": 2
    },
    "BS"
  ],
  [
    {
      "y": -0.75,
      "x": 1.25,
      "a": 7
    },
    "M0"
  ],
  [
    {
      "y": -0.25,
      "x": 3,
      "a": 6,
      "w": 1.5
    },
    "Tab",
    {
      "a": 4,
      "f": 6
    },
    "Q",
    "W",
    "E",
    "R",
    "T",
    {
      "x": 2.5
    },
    "Y",
    "U\n\n\n\n7",
    "I\n\n\n\n8",
    "O\n\n\n\n9",
    "P\n\n\n\n-",
    {
      "a": 6,
      "f": 3
    },
    "{",
    "}",
    {
      "a": 4,
      "w": 1.5
    },
    "|\n\\"
  ],
  [
    {
      "y": -0.5,
      "x": 1.25,
      "a": 7
    },
    "M0"
  ],
  [
    {
      "y": -0.5,
      "x": 3,
      "a": 6,
      "w": 1.75
    },
    "Caps<br>Lock",
    {
      "a": 4,
      "f": 6
    },
    "A",
    "S",
    "D",
    "F",
    "G",
    {
      "x": 2.5
    },
    "H",
    "J\n\n\n\n4",
    "K\n\n\n\n5",
    "L\n\n\n\n6",
    {
      "f": 3
    },
    ":\n;\n\n\n+",
    "\"\n'",
    {
      "a": 6,
      "w": 2.25
    },
    "Enter"
  ],
  [
    {
      "y": -0.25,
      "x": 1.25,
      "a": 7
    },
    "M0"
  ],
  [
    {
      "y": -0.75,
      "x": 3,
      "a": 6,
      "w": 2
    },
    "Shift",
    {
      "a": 4,
      "f": 6
    },
    "Z",
    "X",
    "C",
    "V",
    "B",
    {
      "x": 1.75
    },
    "B",
    "N",
    "M\n\n\n\n1",
    {
      "f": 3
    },
    "<\n,\n\n\n2",
    ">\n.\n\n\n3",
    "?\n/\n\n\nEnter",
    {
      "a": 6,
      "w": 1.25
    },
    "Shift",
    {
      "x": 1.5,
      "a": 7
    },
    ""
  ],
  [
    {
      "x": 1.25
    },
    "M0",
    {
      "x": 0.75,
      "a": 6,
      "w": 1.25
    },
    "CTRL",
    {
      "w": 1.25
    },
    "WIN",
    {
      "w": 1.25
    },
    "ALT",
    {
      "a": 7,
      "w": 2.25
    },
    "",
    {
      "x": 2,
      "w": 2.75
    },
    "",
    {
      "a": 6
    },
    "ALT",
    "WIN",
    "CTLR\n\n\n\n.",
    {
      "x": 2.75,
      "a": 7
    },
    "",
    "",
    ""
  ]
]